<PAMDataset>
  <Metadata>
    <MDI key="DataType">Generic</MDI>
  </Metadata>
  <Metadata domain="Esri">
    <MDI key="PyramidResamplingType">NEAREST</MDI>
  </Metadata>
  <PAMRasterBand band="1">
    <GDALRasterAttributeTable>
      <FieldDefn index="0">
        <Name>Rowid</Name>
        <Type>0</Type>
        <Usage>0</Usage>
      </FieldDefn>
      <FieldDefn index="1">
        <Name>VALUE</Name>
        <Type>0</Type>
        <Usage>0</Usage>
      </FieldDefn>
      <FieldDefn index="2">
        <Name>COUNT</Name>
        <Type>0</Type>
        <Usage>0</Usage>
      </FieldDefn>
      <Row index="0">
        <F>0</F>
        <F>111</F>
        <F>5164</F>
      </Row>
      <Row index="1">
        <F>1</F>
        <F>112</F>
        <F>84939</F>
      </Row>
      <Row index="2">
        <F>2</F>
        <F>113</F>
        <F>4313</F>
      </Row>
      <Row index="3">
        <F>3</F>
        <F>114</F>
        <F>1217</F>
      </Row>
      <Row index="4">
        <F>4</F>
        <F>115</F>
        <F>1717</F>
      </Row>
      <Row index="5">
        <F>5</F>
        <F>116</F>
        <F>4540</F>
      </Row>
      <Row index="6">
        <F>6</F>
        <F>121</F>
        <F>2653</F>
      </Row>
      <Row index="7">
        <F>7</F>
        <F>122</F>
        <F>105382</F>
      </Row>
      <Row index="8">
        <F>8</F>
        <F>123</F>
        <F>23510</F>
      </Row>
      <Row index="9">
        <F>9</F>
        <F>124</F>
        <F>57</F>
      </Row>
      <Row index="10">
        <F>10</F>
        <F>125</F>
        <F>970</F>
      </Row>
      <Row index="11">
        <F>11</F>
        <F>126</F>
        <F>18406</F>
      </Row>
      <Row index="12">
        <F>12</F>
        <F>211</F>
        <F>116150</F>
      </Row>
      <Row index="13">
        <F>13</F>
        <F>212</F>
        <F>174770</F>
      </Row>
      <Row index="14">
        <F>14</F>
        <F>213</F>
        <F>27271</F>
      </Row>
      <Row index="15">
        <F>15</F>
        <F>214</F>
        <F>55832</F>
      </Row>
      <Row index="16">
        <F>16</F>
        <F>215</F>
        <F>56349</F>
      </Row>
      <Row index="17">
        <F>17</F>
        <F>216</F>
        <F>2976</F>
      </Row>
      <Row index="18">
        <F>18</F>
        <F>221</F>
        <F>257251</F>
      </Row>
      <Row index="19">
        <F>19</F>
        <F>222</F>
        <F>647383</F>
      </Row>
      <Row index="20">
        <F>20</F>
        <F>223</F>
        <F>137339</F>
      </Row>
      <Row index="21">
        <F>21</F>
        <F>224</F>
        <F>51056</F>
      </Row>
      <Row index="22">
        <F>22</F>
        <F>225</F>
        <F>41783</F>
      </Row>
      <Row index="23">
        <F>23</F>
        <F>226</F>
        <F>15678</F>
      </Row>
      <Row index="24">
        <F>24</F>
        <F>311</F>
        <F>58060</F>
      </Row>
      <Row index="25">
        <F>25</F>
        <F>312</F>
        <F>139335</F>
      </Row>
      <Row index="26">
        <F>26</F>
        <F>313</F>
        <F>86138</F>
      </Row>
      <Row index="27">
        <F>27</F>
        <F>314</F>
        <F>75725</F>
      </Row>
      <Row index="28">
        <F>28</F>
        <F>315</F>
        <F>137867</F>
      </Row>
      <Row index="29">
        <F>29</F>
        <F>316</F>
        <F>19566</F>
      </Row>
      <Row index="30">
        <F>30</F>
        <F>321</F>
        <F>145384</F>
      </Row>
      <Row index="31">
        <F>31</F>
        <F>322</F>
        <F>663838</F>
      </Row>
      <Row index="32">
        <F>32</F>
        <F>323</F>
        <F>604760</F>
      </Row>
      <Row index="33">
        <F>33</F>
        <F>324</F>
        <F>111548</F>
      </Row>
      <Row index="34">
        <F>34</F>
        <F>325</F>
        <F>90467</F>
      </Row>
      <Row index="35">
        <F>35</F>
        <F>326</F>
        <F>60635</F>
      </Row>
      <Row index="36">
        <F>36</F>
        <F>411</F>
        <F>11193</F>
      </Row>
      <Row index="37">
        <F>37</F>
        <F>412</F>
        <F>70650</F>
      </Row>
      <Row index="38">
        <F>38</F>
        <F>413</F>
        <F>2630</F>
      </Row>
      <Row index="39">
        <F>39</F>
        <F>414</F>
        <F>352</F>
      </Row>
      <Row index="40">
        <F>40</F>
        <F>415</F>
        <F>4597</F>
      </Row>
      <Row index="41">
        <F>41</F>
        <F>416</F>
        <F>2901</F>
      </Row>
      <Row index="42">
        <F>42</F>
        <F>421</F>
        <F>119319</F>
      </Row>
      <Row index="43">
        <F>43</F>
        <F>422</F>
        <F>1178517</F>
      </Row>
      <Row index="44">
        <F>44</F>
        <F>423</F>
        <F>763222</F>
      </Row>
      <Row index="45">
        <F>45</F>
        <F>424</F>
        <F>79548</F>
      </Row>
      <Row index="46">
        <F>46</F>
        <F>425</F>
        <F>9026</F>
      </Row>
      <Row index="47">
        <F>47</F>
        <F>426</F>
        <F>26098</F>
      </Row>
      <Row index="48">
        <F>48</F>
        <F>511</F>
        <F>32032</F>
      </Row>
      <Row index="49">
        <F>49</F>
        <F>512</F>
        <F>123093</F>
      </Row>
      <Row index="50">
        <F>50</F>
        <F>513</F>
        <F>11643</F>
      </Row>
      <Row index="51">
        <F>51</F>
        <F>514</F>
        <F>17963</F>
      </Row>
      <Row index="52">
        <F>52</F>
        <F>515</F>
        <F>40542</F>
      </Row>
      <Row index="53">
        <F>53</F>
        <F>516</F>
        <F>6730</F>
      </Row>
      <Row index="54">
        <F>54</F>
        <F>521</F>
        <F>354699</F>
      </Row>
      <Row index="55">
        <F>55</F>
        <F>522</F>
        <F>1199416</F>
      </Row>
      <Row index="56">
        <F>56</F>
        <F>523</F>
        <F>1465944</F>
      </Row>
      <Row index="57">
        <F>57</F>
        <F>524</F>
        <F>492475</F>
      </Row>
      <Row index="58">
        <F>58</F>
        <F>525</F>
        <F>135349</F>
      </Row>
      <Row index="59">
        <F>59</F>
        <F>526</F>
        <F>410623</F>
      </Row>
    </GDALRasterAttributeTable>
  </PAMRasterBand>
</PAMDataset>
